driver_id;first_name;second_name
1;Zacharias;Ducke
2;Arne;Heilbronner
3;Lennard;Boden
4;Erhard;Kautz
5;Heribert;Bär
6;Erich;Stahlecker
7;Volkhardt;Schlim
8;Erhardt;Holderbaum
9;Marco;Abicht
10;Cäsar;Ochsner
11;Magdalena;Henninger
12;Sieglind;Schweinitz
13;Natalie;Handmann
14;Tirza;Houten
15;Nicole;Schober
16;Gisela;Buttmann
17;Louise;Birken
18;Patrizia;Masur
19;Liselotte;Kohlberg
20;Sabina;Weisz
21;Petrus;Ahrendt
22;Hugo;Herzfeld
23;Baldur;Hartjenstein
24;Joel;Lexer
25;Justus;Schreiner
26;Tim;Schiffner
27;Bernhart;Boden
28;Bj�rn;Wittich
29;Simon;Berthold
30;Gunther;Posse
31;Gina;Eisner
32;Nina;Eisenstadt
33;Cathrin;Wepper
34;Helmine;Lissauer
35;Alexandra;Wehausen
36;Melissa;Boehm
37;Kathrin;Schechter
38;Elsha;Kunst
39;Margarethe;Schichau
40;Olga;Kornblum
