passenger_id;first_name;last_name
1;Arnold;Buttmann
2;Fabian;Grabner
3;Germund;Glasser
4;Karlheinz;Bretschneider
5;Heiner;Hartstein
6;Gerold;Eichmann
7;Bernhart;Deichgr„ber
8;Augustin;Starck
9;Uwe;Band
10;Bernd;Erhard
11;Teresa;Potthast
12;Olivia;Haselberger
13;Traute;Laufer
14;Noemi;Straussler
15;Susanne;Schwanthaler
16;Marga;Augsberger
17;Marlies;Dassler
18;Alwine;Eberl
19;Lina;K„stner
20;Leni;Lischke
21;Lars;Kadelburg
22;Eckhart;Kruckenberg
23;Petrus;Schwertfeger
24;Tizian;Herber
25;Georg;Kuntz
26;Jeremias;Josten
27;Xaver;Kunst
28;Wolf;Lettmann
29;Alwin;Auch
30;Walter;Habermann
31;Yvonne;Otto
32;Teresa;Uiberreither
33;Nadin;Herkenhoff
34;Erika;Beckermann
35;Seraphina;Anschtz
36;Annina;Wepper
37;Margot;Sch”nfinkel
38;Irma;K”hler
39;Serafina;Fisch
40;Siglinde;Kieffer
41;Reinhard;H”nigmann
42;Harald;Bing
43;Clemens;Taubert
44;Tobias;Husch
45;Emil;Romberg
46;Jan;Haas
47;Jrgen;Turnau
48;Meik;Stocker
49;Oskar;Hetz
50;Jonathan;Bormann
51;Rolanda;Neugebauer
52;Catharina;Hess
53;Clara;Stber
54;Elfriede;Kippenberger
55;Rafaela;Kepler
56;Monika;Niedermayer
57;Beate;Goldenberg
58;Hulda;Wexner
59;Felicia;Wenz
60;Mina;Hetz
61;Horst;Vogelweide
62;Johannes;Strub
63;Eberhard;Binger
64;Heribert;Traube
65;Otto;Koehne
66;Adelbert;Werkner
67;Kajetan;Dmmler
68;Tilmann;Gottfried
69;Eckhard;Krger
70;Jacob;Krenkel
71;Jacqueline;Kant
72;Raphaela;Schauerte
73;Pia;Beckermann
74;Katharina;Heerwagen
75;Sandra;Wessely
76;Eugenie;Gl”ckner
77;Kim;Himmelfarb
78;Sonja;Flesch
79;Hermina;Assing
80;Ottilie;Sanner
81;Adelmar;Sauerbeck
82;Adolar;Rottmann
83;Magnus;Diemer
84;Tillmann;Schnitzler
85;Edgar;Franke
86;Florentin;Drossel
87;Kunz;Sauerland
88;Joseph;Becker
89;Kai;Sprecher
90;Eberhard;Rothenstein
91;Margareta;Binder
92;Ronja;Keiner
93;Valentina;Rottmanner
94;Elsha;Kluckhohn
95;Valerie;B„cker
96;Anke;Fitkau
97;Rafaela;Pankau
98;Heisenberg;W. W.
99;Silvia;Distel
100;Theresa;Fleischhacker
